gold_term,pred_term,top_methods_used,scores_by_method,is_hard_match,agg_score,selected,reason
Region,Region,hard_match,hard_match=1.0000; jaro_winkler=1.0000; levenshtein=1.0000; semantic=1.0000; sequence_match=1.0000,True,1.0,True,selected
Vintage,Vintage,hard_match,hard_match=1.0000; jaro_winkler=1.0000; levenshtein=1.0000; semantic=1.0000; sequence_match=1.0000,True,1.0,True,selected
wine,Wine,hard_match,hard_match=1.0000; jaro_winkler=1.0000; levenshtein=1.0000; semantic=1.0000; sequence_match=1.0000,True,1.0,True,selected
WineColor,Red Wine Color,semantic+sequence_match+jaro_winkler,jaro_winkler=0.8426; levenshtein=0.7500; semantic=0.9472; sequence_match=0.8571,False,0.8823,True,selected
Bordeaux,Bordeaux Wine,jaro_winkler+semantic+sequence_match,jaro_winkler=0.9333; levenshtein=0.6667; semantic=0.8443; sequence_match=0.8000,False,0.8592,True,selected
WhiteWine,White Wine Color,jaro_winkler+semantic+sequence_match,jaro_winkler=0.9286; levenshtein=0.6429; semantic=0.8518; sequence_match=0.7826,False,0.8543,True,selected
VintageYear,Vintage Quality,jaro_winkler+semantic+sequence_match,jaro_winkler=0.8700; levenshtein=0.5714; semantic=0.8251; sequence_match=0.6400,False,0.7783,True,selected
WineTaste,Wine Characteristic,jaro_winkler+semantic+sequence_match,jaro_winkler=0.8556; levenshtein=0.3889; semantic=0.7676; sequence_match=0.5185,False,0.7139,True,selected
RedBordeaux,Bordeaux Grapes,jaro_winkler+semantic+sequence_match,jaro_winkler=0.7078; levenshtein=0.3571; semantic=0.7044; sequence_match=0.6400,False,0.6841,True,selected
WineBody,Body,semantic+sequence_match+levenshtein,jaro_winkler=0.0000; levenshtein=0.5000; semantic=0.8011; sequence_match=0.6667,False,0.6559,True,selected
WineGrape,Grape Variety,semantic+jaro_winkler+sequence_match,jaro_winkler=0.6111; levenshtein=0.1667; semantic=0.8006; sequence_match=0.4762,False,0.6293,True,selected
VintageYear,Vintage,jaro_winkler+semantic+sequence_match,jaro_winkler=0.9273; levenshtein=0.6364; semantic=0.8952; sequence_match=0.7778,False,0.8668,False,pred already taken by 'Vintage' (higher averaged score)
WineColor,White Wine Color,semantic+jaro_winkler+sequence_match,jaro_winkler=0.8595; levenshtein=0.6429; semantic=0.8877; sequence_match=0.7826,False,0.8433,False,gold already mapped to 'Red Wine Color'
Vintage,Vintage Quality,jaro_winkler+semantic+sequence_match,jaro_winkler=0.9000; levenshtein=0.5000; semantic=0.8872; sequence_match=0.6667,False,0.818,False,gold already mapped to 'Vintage'
RedWine,Red Wine Color,jaro_winkler+semantic+sequence_match,jaro_winkler=0.9167; levenshtein=0.5833; semantic=0.7900; sequence_match=0.7368,False,0.8145,False,pred already taken by 'WineColor' (higher averaged score)
WineBody,Wine,jaro_winkler+semantic+sequence_match,jaro_winkler=0.9000; levenshtein=0.5000; semantic=0.8160; sequence_match=0.6667,False,0.7942,False,pred already taken by 'wine' (higher averaged score)
WineGrape,Wine,jaro_winkler+semantic+sequence_match,jaro_winkler=0.8889; levenshtein=0.4444; semantic=0.8745; sequence_match=0.6154,False,0.7929,False,pred already taken by 'wine' (higher averaged score)
WineTaste,Wine,jaro_winkler+semantic+sequence_match,jaro_winkler=0.8889; levenshtein=0.4444; semantic=0.8458; sequence_match=0.6154,False,0.7834,False,pred already taken by 'wine' (higher averaged score)
Bordeaux,Bordeaux Grapes,jaro_winkler+sequence_match+semantic,jaro_winkler=0.9143; levenshtein=0.5714; semantic=0.7043; sequence_match=0.7273,False,0.7819,False,gold already mapped to 'Bordeaux Wine'
WineSugar,Wine,jaro_winkler+semantic+sequence_match,jaro_winkler=0.8889; levenshtein=0.4444; semantic=0.7926; sequence_match=0.6154,False,0.7656,False,pred already taken by 'wine' (higher averaged score)
WineColor,Wine,jaro_winkler+semantic+sequence_match,jaro_winkler=0.8889; levenshtein=0.4444; semantic=0.7915; sequence_match=0.6154,False,0.7653,False,gold already mapped to 'Red Wine Color'
WineFlavor,Wine,jaro_winkler+semantic+sequence_match,jaro_winkler=0.8800; levenshtein=0.4000; semantic=0.7979; sequence_match=0.5714,False,0.7498,False,pred already taken by 'wine' (higher averaged score)
RedWine,Bordeaux Wine,jaro_winkler+semantic+sequence_match,jaro_winkler=0.8135; levenshtein=0.5000; semantic=0.7923; sequence_match=0.6316,False,0.7458,False,pred already taken by 'Bordeaux' (higher averaged score)
RedBordeaux,Bordeaux Wine,semantic+jaro_winkler+sequence_match,jaro_winkler=0.7079; levenshtein=0.4167; semantic=0.7643; sequence_match=0.6957,False,0.7226,False,pred already taken by 'Bordeaux' (higher averaged score)
RedWine,Wine,semantic+sequence_match+levenshtein,jaro_winkler=0.4643; levenshtein=0.5714; semantic=0.8518; sequence_match=0.7273,False,0.7168,False,pred already taken by 'wine' (higher averaged score)
WhiteWine,Wine,semantic+jaro_winkler+sequence_match,jaro_winkler=0.6944; levenshtein=0.4444; semantic=0.7953; sequence_match=0.6154,False,0.7017,False,gold already mapped to 'White Wine Color'
WhiteBordeaux,Bordeaux Wine,semantic+jaro_winkler+sequence_match,jaro_winkler=0.6660; levenshtein=0.3077; semantic=0.7338; sequence_match=0.6400,False,0.6799,False,pred already taken by 'Bordeaux' (higher averaged score)
WineDescriptor,Wine,jaro_winkler+semantic+sequence_match,jaro_winkler=0.8571; levenshtein=0.2857; semantic=0.7083; sequence_match=0.4444,False,0.67,False,pred already taken by 'wine' (higher averaged score)
WineDescriptor,Wine Characteristic,jaro_winkler+semantic+sequence_match,jaro_winkler=0.8248; levenshtein=0.4444; semantic=0.6772; sequence_match=0.5000,False,0.6674,False,pred already taken by 'WineTaste' (higher averaged score)
WhiteBordeaux,White Wine Color,semantic+jaro_winkler+sequence_match,jaro_winkler=0.6873; levenshtein=0.3571; semantic=0.7722; sequence_match=0.5185,False,0.6593,False,pred already taken by 'WhiteWine' (higher averaged score)
wine,Wine Characteristic,jaro_winkler+semantic+sequence_match,jaro_winkler=0.8444; levenshtein=0.2222; semantic=0.7641; sequence_match=0.3636,False,0.6574,False,gold already mapped to 'Wine'
WineFlavor,Red Wine Color,semantic+sequence_match+jaro_winkler,jaro_winkler=0.6183; levenshtein=0.4167; semantic=0.6822; sequence_match=0.6364,False,0.6456,False,pred already taken by 'WineColor' (higher averaged score)
WineGrape,Wine Characteristic,semantic+jaro_winkler+sequence_match,jaro_winkler=0.6746; levenshtein=0.3889; semantic=0.7390; sequence_match=0.5185,False,0.6441,False,pred already taken by 'WineTaste' (higher averaged score)
WhiteBordeaux,Bordeaux Grapes,semantic+jaro_winkler+sequence_match,jaro_winkler=0.6302; levenshtein=0.2143; semantic=0.6908; sequence_match=0.5926,False,0.6379,False,pred already taken by 'RedBordeaux' (higher averaged score)
WineFlavor,White Wine Color,semantic+jaro_winkler+sequence_match,jaro_winkler=0.6381; levenshtein=0.3571; semantic=0.6794; sequence_match=0.5833,False,0.6336,False,pred already taken by 'WhiteWine' (higher averaged score)
RedWine,Region,jaro_winkler+sequence_match+semantic,jaro_winkler=0.7968; levenshtein=0.4286; semantic=0.4816; sequence_match=0.6154,False,0.6313,False,pred already taken by 'Region' (higher averaged score)
WineGrape,Bordeaux Grapes,semantic+jaro_winkler+sequence_match,jaro_winkler=0.5873; levenshtein=0.4286; semantic=0.7732; sequence_match=0.5217,False,0.6274,False,gold already mapped to 'Grape Variety'
WineTaste,Vintage,jaro_winkler+sequence_match+levenshtein,jaro_winkler=0.6899; levenshtein=0.5556; semantic=0.5517; sequence_match=0.6250,False,0.6235,False,gold already mapped to 'Wine Characteristic'
WhiteWine,Bordeaux Wine,semantic+jaro_winkler+sequence_match,jaro_winkler=0.6574; levenshtein=0.4167; semantic=0.6870; sequence_match=0.4762,False,0.6069,False,gold already mapped to 'White Wine Color'
wine,White Wine Color,semantic+jaro_winkler+sequence_match,jaro_winkler=0.6786; levenshtein=0.2857; semantic=0.6941; sequence_match=0.4444,False,0.6057,False,gold already mapped to 'Wine'
WineColor,Wine Characteristic,semantic+jaro_winkler+sequence_match,jaro_winkler=0.6667; levenshtein=0.3333; semantic=0.7051; sequence_match=0.4444,False,0.6054,False,gold already mapped to 'Red Wine Color'
wine,Red Wine Color,semantic+jaro_winkler+sequence_match,jaro_winkler=0.6111; levenshtein=0.3333; semantic=0.6976; sequence_match=0.5000,False,0.6029,False,gold already mapped to 'Wine'
Bordeaux,Body,jaro_winkler+semantic+sequence_match,jaro_winkler=0.7667; levenshtein=0.3750; semantic=0.5265; sequence_match=0.5000,False,0.5977,False,top-3 avg score 0.5977 < final_threshold 0.6
WineDescriptor,Red Wine Color,jaro_winkler+semantic+sequence_match,jaro_winkler=0.6865; levenshtein=0.2857; semantic=0.5676; sequence_match=0.5385,False,0.5975,False,top-3 avg score 0.5975 < final_threshold 0.6
WineSugar,Wine Characteristic,semantic+jaro_winkler+sequence_match,jaro_winkler=0.6667; levenshtein=0.3333; semantic=0.6792; sequence_match=0.4444,False,0.5968,False,top-3 avg score 0.5968 < final_threshold 0.6
WineFlavor,Wine Characteristic,semantic+jaro_winkler+sequence_match,jaro_winkler=0.6444; levenshtein=0.3333; semantic=0.7116; sequence_match=0.4286,False,0.5949,False,top-3 avg score 0.5949 < final_threshold 0.6
WineGrape,Red Wine Color,semantic+jaro_winkler+sequence_match,jaro_winkler=0.6111; levenshtein=0.3333; semantic=0.6916; sequence_match=0.4762,False,0.593,False,top-3 avg score 0.5930 < final_threshold 0.6
Vintage,Wine,semantic+jaro_winkler+sequence_match,jaro_winkler=0.5952; levenshtein=0.4286; semantic=0.6230; sequence_match=0.5455,False,0.5879,False,top-3 avg score 0.5879 < final_threshold 0.6
wine,Vintage,semantic+jaro_winkler+sequence_match,jaro_winkler=0.5952; levenshtein=0.4286; semantic=0.6230; sequence_match=0.5455,False,0.5879,False,top-3 avg score 0.5879 < final_threshold 0.6
RedWine,White Wine Color,semantic+jaro_winkler+sequence_match,jaro_winkler=0.6238; levenshtein=0.2857; semantic=0.6633; sequence_match=0.4762,False,0.5878,False,top-3 avg score 0.5878 < final_threshold 0.6
wine,Bordeaux Wine,semantic+sequence_match+jaro_winkler,jaro_winkler=0.4444; levenshtein=0.3333; semantic=0.8174; sequence_match=0.5000,False,0.5873,False,top-3 avg score 0.5873 < final_threshold 0.6
Zinfandel,Wine,semantic+jaro_winkler+sequence_match,jaro_winkler=0.5741; levenshtein=0.3333; semantic=0.6977; sequence_match=0.4615,False,0.5778,False,top-3 avg score 0.5778 < final_threshold 0.6
VintageYear,Wine,jaro_winkler+semantic+sequence_match,jaro_winkler=0.6742; levenshtein=0.2727; semantic=0.6573; sequence_match=0.4000,False,0.5772,False,top-3 avg score 0.5772 < final_threshold 0.6
WineGrape,Vintage,jaro_winkler+semantic+levenshtein,jaro_winkler=0.6899; levenshtein=0.4444; semantic=0.5921; sequence_match=0.3750,False,0.5755,False,top-3 avg score 0.5755 < final_threshold 0.6
RedBordeaux,Red Wine Color,semantic+jaro_winkler+sequence_match,jaro_winkler=0.5571; levenshtein=0.2500; semantic=0.7256; sequence_match=0.4348,False,0.5725,False,top-3 avg score 0.5725 < final_threshold 0.6
Zinfandel,Vintage,jaro_winkler+semantic+sequence_match,jaro_winkler=0.6720; levenshtein=0.4444; semantic=0.5408; sequence_match=0.5000,False,0.5709,False,top-3 avg score 0.5709 < final_threshold 0.6
WineBody,Red Wine Color,semantic+jaro_winkler+sequence_match,jaro_winkler=0.5833; levenshtein=0.4167; semantic=0.6236; sequence_match=0.5000,False,0.569,False,top-3 avg score 0.5690 < final_threshold 0.6
WineDescriptor,White Wine Color,jaro_winkler+semantic+sequence_match,jaro_winkler=0.6508; levenshtein=0.2857; semantic=0.5540; sequence_match=0.5000,False,0.5683,False,top-3 avg score 0.5683 < final_threshold 0.6
WhiteWine,Red Wine Color,semantic+jaro_winkler+sequence_match,jaro_winkler=0.5907; levenshtein=0.1667; semantic=0.6325; sequence_match=0.4762,False,0.5665,False,top-3 avg score 0.5665 < final_threshold 0.6
WhiteBordeaux,Wine,semantic+jaro_winkler+sequence_match,jaro_winkler=0.6603; levenshtein=0.2308; semantic=0.6844; sequence_match=0.3529,False,0.5659,False,top-3 avg score 0.5659 < final_threshold 0.6
WineGrape,White Wine Color,semantic+jaro_winkler+sequence_match,jaro_winkler=0.5709; levenshtein=0.2857; semantic=0.6868; sequence_match=0.4348,False,0.5642,False,top-3 avg score 0.5642 < final_threshold 0.6
RedWine,Grape Variety,jaro_winkler+semantic+sequence_match,jaro_winkler=0.6349; levenshtein=0.2500; semantic=0.6339; sequence_match=0.4211,False,0.5633,False,top-3 avg score 0.5633 < final_threshold 0.6
WineTaste,White Wine Color,semantic+jaro_winkler+sequence_match,jaro_winkler=0.6429; levenshtein=0.2857; semantic=0.6857; sequence_match=0.3478,False,0.5588,False,top-3 avg score 0.5588 < final_threshold 0.6
WineGrape,Bordeaux Wine,semantic+jaro_winkler+sequence_match,jaro_winkler=0.5093; levenshtein=0.1667; semantic=0.7794; sequence_match=0.3810,False,0.5565,False,top-3 avg score 0.5565 < final_threshold 0.6
WineBody,White Wine Color,semantic+jaro_winkler+sequence_match,jaro_winkler=0.5940; levenshtein=0.3571; semantic=0.6178; sequence_match=0.4545,False,0.5555,False,top-3 avg score 0.5555 < final_threshold 0.6
WineSugar,Cabernet Sauvignon,semantic+jaro_winkler+sequence_match,jaro_winkler=0.5870; levenshtein=0.2941; semantic=0.6917; sequence_match=0.3846,False,0.5544,False,top-3 avg score 0.5544 < final_threshold 0.6
WineTaste,Bordeaux Wine,semantic+jaro_winkler+sequence_match,jaro_winkler=0.5278; levenshtein=0.1667; semantic=0.7529; sequence_match=0.3810,False,0.5539,False,top-3 avg score 0.5539 < final_threshold 0.6
RedWine,Wine Characteristic,semantic+jaro_winkler+sequence_match,jaro_winkler=0.6190; levenshtein=0.1111; semantic=0.6985; sequence_match=0.3200,False,0.5459,False,top-3 avg score 0.5459 < final_threshold 0.6
Bordeaux,Cabernet Sauvignon,semantic+jaro_winkler+sequence_match,jaro_winkler=0.5730; levenshtein=0.2941; semantic=0.6643; sequence_match=0.4000,False,0.5458,False,top-3 avg score 0.5458 < final_threshold 0.6
WineSugar,White Wine Color,semantic+jaro_winkler+sequence_match,jaro_winkler=0.5709; levenshtein=0.3571; semantic=0.6301; sequence_match=0.4348,False,0.5453,False,top-3 avg score 0.5453 < final_threshold 0.6
WineSugar,Red Wine Color,semantic+jaro_winkler+sequence_match,jaro_winkler=0.5241; levenshtein=0.4167; semantic=0.6326; sequence_match=0.4762,False,0.5443,False,top-3 avg score 0.5443 < final_threshold 0.6
WineGrape,Cabernet Franc,semantic+jaro_winkler+sequence_match,jaro_winkler=0.5801; levenshtein=0.3077; semantic=0.6827; sequence_match=0.3636,False,0.5421,False,top-3 avg score 0.5421 < final_threshold 0.6
WineSugar,Vintage,jaro_winkler+semantic+sequence_match,jaro_winkler=0.6899; levenshtein=0.3333; semantic=0.5495; sequence_match=0.3750,False,0.5381,False,top-3 avg score 0.5381 < final_threshold 0.6
WineFlavor,Cabernet Sauvignon,semantic+jaro_winkler+sequence_match,jaro_winkler=0.5399; levenshtein=0.2941; semantic=0.6976; sequence_match=0.3704,False,0.536,False,top-3 avg score 0.5360 < final_threshold 0.6
WineTaste,Red Wine Color,semantic+jaro_winkler+sequence_match,jaro_winkler=0.5241; levenshtein=0.3333; semantic=0.6938; sequence_match=0.3810,False,0.5329,False,top-3 avg score 0.5329 < final_threshold 0.6
WhiteWine,Wine Characteristic,jaro_winkler+semantic+sequence_match,jaro_winkler=0.6528; levenshtein=0.2778; semantic=0.6391; sequence_match=0.2963,False,0.5294,False,top-3 avg score 0.5294 < final_threshold 0.6
WineGrape,Cabernet Sauvignon,semantic+jaro_winkler+sequence_match,jaro_winkler=0.5499; levenshtein=0.1765; semantic=0.8020; sequence_match=0.2308,False,0.5276,False,top-3 avg score 0.5276 < final_threshold 0.6
WineTaste,Vintage Quality,jaro_winkler+semantic+sequence_match,jaro_winkler=0.6429; levenshtein=0.3571; semantic=0.5021; sequence_match=0.4348,False,0.5266,False,top-3 avg score 0.5266 < final_threshold 0.6
WineTaste,Cabernet Sauvignon,semantic+jaro_winkler+sequence_match,jaro_winkler=0.5621; levenshtein=0.2353; semantic=0.7096; sequence_match=0.3077,False,0.5265,False,top-3 avg score 0.5265 < final_threshold 0.6
WineBody,Wine Characteristic,semantic+jaro_winkler+sequence_match,jaro_winkler=0.5741; levenshtein=0.2222; semantic=0.6852; sequence_match=0.3077,False,0.5223,False,top-3 avg score 0.5223 < final_threshold 0.6
VintageYear,Wine Characteristic,jaro_winkler+semantic+sequence_match,jaro_winkler=0.6406; levenshtein=0.2222; semantic=0.5767; sequence_match=0.3448,False,0.5207,False,top-3 avg score 0.5207 < final_threshold 0.6
Bordeaux,Bouquet,jaro_winkler+semantic+sequence_match,jaro_winkler=0.6071; levenshtein=0.2500; semantic=0.5535; sequence_match=0.4000,False,0.5202,False,top-3 avg score 0.5202 < final_threshold 0.6
RedWine,Cabernet Sauvignon,semantic+jaro_winkler+sequence_match,jaro_winkler=0.5189; levenshtein=0.2353; semantic=0.7902; sequence_match=0.2500,False,0.5197,False,top-3 avg score 0.5197 < final_threshold 0.6
Zinfandel,Red Wine Color,jaro_winkler+semantic+sequence_match,jaro_winkler=0.5907; levenshtein=0.1667; semantic=0.5865; sequence_match=0.3810,False,0.5194,False,top-3 avg score 0.5194 < final_threshold 0.6
VintageYear,Grape Variety,jaro_winkler+semantic+sequence_match,jaro_winkler=0.6730; levenshtein=0.0833; semantic=0.6179; sequence_match=0.2609,False,0.5173,False,top-3 avg score 0.5173 < final_threshold 0.6
WineBody,Vintage,jaro_winkler+semantic+sequence_match,jaro_winkler=0.6012; levenshtein=0.2500; semantic=0.5488; sequence_match=0.4000,False,0.5167,False,top-3 avg score 0.5167 < final_threshold 0.6
WineFlavor,Merlot,jaro_winkler+semantic+sequence_match,jaro_winkler=0.6000; levenshtein=0.3000; semantic=0.5750; sequence_match=0.3750,False,0.5167,False,top-3 avg score 0.5167 < final_threshold 0.6
RedBordeaux,Cabernet Franc,semantic+jaro_winkler+sequence_match,jaro_winkler=0.5579; levenshtein=0.2308; semantic=0.6546; sequence_match=0.3333,False,0.5153,False,top-3 avg score 0.5153 < final_threshold 0.6
WineBody,Bordeaux Wine,semantic+jaro_winkler+sequence_match,jaro_winkler=0.4444; levenshtein=0.0833; semantic=0.6978; sequence_match=0.4000,False,0.5141,False,top-3 avg score 0.5141 < final_threshold 0.6
Zinfandel,Vintage Quality,jaro_winkler+semantic+sequence_match,jaro_winkler=0.6376; levenshtein=0.2857; semantic=0.4684; sequence_match=0.4348,False,0.5136,False,top-3 avg score 0.5136 < final_threshold 0.6
WineFlavor,Bordeaux Wine,semantic+jaro_winkler+sequence_match,jaro_winkler=0.4556; levenshtein=0.0833; semantic=0.7132; sequence_match=0.3636,False,0.5108,False,top-3 avg score 0.5108 < final_threshold 0.6
wine,Vintage Quality,jaro_winkler+semantic+sequence_match,jaro_winkler=0.6548; levenshtein=0.2143; semantic=0.5402; sequence_match=0.3333,False,0.5094,False,top-3 avg score 0.5094 < final_threshold 0.6
WhiteBordeaux,Red Wine Color,semantic+jaro_winkler+sequence_match,jaro_winkler=0.4872; levenshtein=0.0769; semantic=0.6408; sequence_match=0.4000,False,0.5093,False,top-3 avg score 0.5093 < final_threshold 0.6
WineDescriptor,Cabernet Sauvignon,jaro_winkler+semantic+sequence_match,jaro_winkler=0.6130; levenshtein=0.2941; semantic=0.5826; sequence_match=0.3226,False,0.506,False,top-3 avg score 0.5060 < final_threshold 0.6
Bordeaux,Cabernet Franc,semantic+jaro_winkler+sequence_match,jaro_winkler=0.5192; levenshtein=0.3077; semantic=0.6102; sequence_match=0.3810,False,0.5035,False,top-3 avg score 0.5035 < final_threshold 0.6
RedWine,Cabernet Franc,semantic+jaro_winkler+sequence_match,jaro_winkler=0.5430; levenshtein=0.2308; semantic=0.6634; sequence_match=0.3000,False,0.5022,False,top-3 avg score 0.5022 < final_threshold 0.6
WineColor,Vintage,jaro_winkler+semantic+sequence_match,jaro_winkler=0.5873; levenshtein=0.2222; semantic=0.5411; sequence_match=0.3750,False,0.5011,False,top-3 avg score 0.5011 < final_threshold 0.6
WineSugar,Vintage Quality,jaro_winkler+semantic+sequence_match,jaro_winkler=0.5873; levenshtein=0.2857; semantic=0.4809; sequence_match=0.4348,False,0.501,False,top-3 avg score 0.5010 < final_threshold 0.6
RedBordeaux,Cabernet Sauvignon,semantic+jaro_winkler+sequence_match,jaro_winkler=0.5217; levenshtein=0.2353; semantic=0.6951; sequence_match=0.2857,False,0.5008,False,top-3 avg score 0.5008 < final_threshold 0.6
Region,Red Wine Color,jaro_winkler+sequence_match+semantic,jaro_winkler=0.6833; levenshtein=0.3333; semantic=0.3744; sequence_match=0.4444,False,0.5007,False,top-3 avg score 0.5007 < final_threshold 0.6
WineSugar,Bordeaux Wine,semantic+jaro_winkler+sequence_match,jaro_winkler=0.4167; levenshtein=0.1667; semantic=0.6968; sequence_match=0.3810,False,0.4981,False,top-3 avg score 0.4981 < final_threshold 0.6
RedWine,Bordeaux Grapes,semantic+jaro_winkler+sequence_match,jaro_winkler=0.5357; levenshtein=0.2143; semantic=0.6700; sequence_match=0.2857,False,0.4972,False,top-3 avg score 0.4972 < final_threshold 0.6
RedBordeaux,Grape Variety,semantic+jaro_winkler+sequence_match,jaro_winkler=0.5571; levenshtein=0.1667; semantic=0.5848; sequence_match=0.3478,False,0.4966,False,top-3 avg score 0.4966 < final_threshold 0.6
RedBordeaux,Body,jaro_winkler+semantic+sequence_match,jaro_winkler=0.5631; levenshtein=0.2727; semantic=0.5254; sequence_match=0.4000,False,0.4962,False,top-3 avg score 0.4962 < final_threshold 0.6
Region,Bordeaux Wine,jaro_winkler+semantic+sequence_match,jaro_winkler=0.5833; levenshtein=0.2500; semantic=0.4583; sequence_match=0.4444,False,0.4954,False,top-3 avg score 0.4954 < final_threshold 0.6
WineTaste,Cabernet Franc,semantic+jaro_winkler+sequence_match,jaro_winkler=0.5134; levenshtein=0.2308; semantic=0.6072; sequence_match=0.3636,False,0.4947,False,top-3 avg score 0.4947 < final_threshold 0.6
WineColor,Merlot,semantic+jaro_winkler+sequence_match,jaro_winkler=0.5000; levenshtein=0.3333; semantic=0.5833; sequence_match=0.4000,False,0.4944,False,top-3 avg score 0.4944 < final_threshold 0.6
WineFlavor,Vintage,jaro_winkler+semantic+sequence_match,jaro_winkler=0.5738; levenshtein=0.3000; semantic=0.5499; sequence_match=0.3529,False,0.4922,False,top-3 avg score 0.4922 < final_threshold 0.6
WhiteWine,Vintage,jaro_winkler+semantic+sequence_match,jaro_winkler=0.5873; levenshtein=0.2222; semantic=0.5086; sequence_match=0.3750,False,0.4903,False,top-3 avg score 0.4903 < final_threshold 0.6
RedWine,Vintage,semantic+jaro_winkler+sequence_match,jaro_winkler=0.4286; levenshtein=0.1429; semantic=0.6068; sequence_match=0.4286,False,0.488,False,top-3 avg score 0.4880 < final_threshold 0.6
WineFlavor,Cabernet Franc,semantic+jaro_winkler+sequence_match,jaro_winkler=0.4949; levenshtein=0.2308; semantic=0.6190; sequence_match=0.3478,False,0.4872,False,top-3 avg score 0.4872 < final_threshold 0.6
Vintage,Grape Variety,semantic+jaro_winkler+sequence_match,jaro_winkler=0.5516; levenshtein=0.1667; semantic=0.5868; sequence_match=0.3158,False,0.4847,False,top-3 avg score 0.4847 < final_threshold 0.6
VintageYear,Red Wine Color,jaro_winkler+semantic+sequence_match,jaro_winkler=0.5571; levenshtein=0.1667; semantic=0.5434; sequence_match=0.3478,False,0.4828,False,top-3 avg score 0.4828 < final_threshold 0.6
WhiteBordeaux,Wine Characteristic,jaro_winkler+semantic+sequence_match,jaro_winkler=0.5616; levenshtein=0.2222; semantic=0.5568; sequence_match=0.3226,False,0.4803,False,top-3 avg score 0.4803 < final_threshold 0.6
WineBody,Vintage Quality,jaro_winkler+semantic+sequence_match,jaro_winkler=0.5952; levenshtein=0.2857; semantic=0.4781; sequence_match=0.3636,False,0.479,False,top-3 avg score 0.4790 < final_threshold 0.6
WineGrape,Vintage Quality,jaro_winkler+semantic+sequence_match,jaro_winkler=0.5709; levenshtein=0.2857; semantic=0.5181; sequence_match=0.3478,False,0.4789,False,top-3 avg score 0.4789 < final_threshold 0.6
VintageYear,White Wine Color,jaro_winkler+semantic+sequence_match,jaro_winkler=0.6025; levenshtein=0.2143; semantic=0.5124; sequence_match=0.3200,False,0.4783,False,top-3 avg score 0.4783 < final_threshold 0.6
Zinfandel,Cabernet Franc,semantic+jaro_winkler+sequence_match,jaro_winkler=0.4174; levenshtein=0.1538; semantic=0.6509; sequence_match=0.3636,False,0.4773,False,top-3 avg score 0.4773 < final_threshold 0.6
WhiteBordeaux,Vintage,semantic+jaro_winkler+sequence_match,jaro_winkler=0.5531; levenshtein=0.1538; semantic=0.5771; sequence_match=0.3000,False,0.4767,False,top-3 avg score 0.4767 < final_threshold 0.6
WineTaste,Bordeaux Grapes,semantic+jaro_winkler+sequence_match,jaro_winkler=0.5159; levenshtein=0.1429; semantic=0.6507; sequence_match=0.2609,False,0.4758,False,top-3 avg score 0.4758 < final_threshold 0.6
WhiteBordeaux,Cabernet Sauvignon,semantic+jaro_winkler+sequence_match,jaro_winkler=0.5548; levenshtein=0.1176; semantic=0.6711; sequence_match=0.2000,False,0.4753,False,top-3 avg score 0.4753 < final_threshold 0.6
RedBordeaux,Region,jaro_winkler+semantic+sequence_match,jaro_winkler=0.5909; levenshtein=0.2727; semantic=0.4775; sequence_match=0.3529,False,0.4738,False,top-3 avg score 0.4738 < final_threshold 0.6
Vintage,Wine Characteristic,jaro_winkler+semantic+sequence_match,jaro_winkler=0.5974; levenshtein=0.2222; semantic=0.5020; sequence_match=0.3200,False,0.4731,False,top-3 avg score 0.4731 < final_threshold 0.6
WineDescriptor,Bordeaux Wine,semantic+jaro_winkler+sequence_match,jaro_winkler=0.5246; levenshtein=0.1429; semantic=0.5840; sequence_match=0.3077,False,0.4721,False,top-3 avg score 0.4721 < final_threshold 0.6
WineDescriptor,Vintage Quality,jaro_winkler+semantic+sequence_match,jaro_winkler=0.5714; levenshtein=0.2143; semantic=0.4849; sequence_match=0.3571,False,0.4711,False,top-3 avg score 0.4711 < final_threshold 0.6
WineSugar,Bordeaux Grapes,semantic+jaro_winkler+levenshtein,jaro_winkler=0.5042; levenshtein=0.2857; semantic=0.6196; sequence_match=0.1739,False,0.4698,False,top-3 avg score 0.4698 < final_threshold 0.6
WineColor,Vintage Quality,jaro_winkler+semantic+sequence_match,jaro_winkler=0.5767; levenshtein=0.2857; semantic=0.4825; sequence_match=0.3478,False,0.469,False,top-3 avg score 0.4690 < final_threshold 0.6
Zinfandel,White Wine Color,semantic+jaro_winkler+sequence_match,jaro_winkler=0.4934; levenshtein=0.2143; semantic=0.5655; sequence_match=0.3478,False,0.4689,False,top-3 avg score 0.4689 < final_threshold 0.6
RedBordeaux,Merlot,semantic+jaro_winkler+sequence_match,jaro_winkler=0.4798; levenshtein=0.1818; semantic=0.6875; sequence_match=0.2353,False,0.4675,False,top-3 avg score 0.4675 < final_threshold 0.6
WineGrape,Merlot,semantic+jaro_winkler+sequence_match,jaro_winkler=0.5185; levenshtein=0.2222; semantic=0.6163; sequence_match=0.2667,False,0.4672,False,top-3 avg score 0.4672 < final_threshold 0.6
WineDescriptor,Grape Variety,semantic+jaro_winkler+sequence_match,jaro_winkler=0.5246; levenshtein=0.2857; semantic=0.5667; sequence_match=0.3077,False,0.4663,False,top-3 avg score 0.4663 < final_threshold 0.6
WhiteBordeaux,Body,jaro_winkler+semantic+sequence_match,jaro_winkler=0.5513; levenshtein=0.2308; semantic=0.4852; sequence_match=0.3529,False,0.4632,False,top-3 avg score 0.4632 < final_threshold 0.6
WineColor,Cabernet Sauvignon,semantic+jaro_winkler+sequence_match,jaro_winkler=0.4766; levenshtein=0.1765; semantic=0.6821; sequence_match=0.2308,False,0.4631,False,top-3 avg score 0.4631 < final_threshold 0.6
WhiteWine,Cabernet Sauvignon,semantic+jaro_winkler+sequence_match,jaro_winkler=0.4832; levenshtein=0.1765; semantic=0.6735; sequence_match=0.2308,False,0.4625,False,top-3 avg score 0.4625 < final_threshold 0.6
WineColor,Bordeaux Wine,semantic+sequence_match+jaro_winkler,jaro_winkler=0.2963; levenshtein=0.0833; semantic=0.7102; sequence_match=0.3810,False,0.4625,False,top-3 avg score 0.4625 < final_threshold 0.6
WhiteBordeaux,Cabernet Franc,semantic+jaro_winkler+sequence_match,jaro_winkler=0.5299; levenshtein=0.0769; semantic=0.6257; sequence_match=0.2308,False,0.4621,False,top-3 avg score 0.4621 < final_threshold 0.6
Zinfandel,Bordeaux Wine,semantic+jaro_winkler+sequence_match,jaro_winkler=0.4259; levenshtein=0.0833; semantic=0.6734; sequence_match=0.2857,False,0.4617,False,top-3 avg score 0.4617 < final_threshold 0.6
VintageYear,Cabernet Franc,jaro_winkler+semantic+sequence_match,jaro_winkler=0.5821; levenshtein=0.1538; semantic=0.5506; sequence_match=0.2500,False,0.4609,False,top-3 avg score 0.4609 < final_threshold 0.6
WineBody,Grape Variety,semantic+jaro_winkler+sequence_match,jaro_winkler=0.4722; levenshtein=0.1667; semantic=0.6073; sequence_match=0.3000,False,0.4598,False,top-3 avg score 0.4598 < final_threshold 0.6
WineFlavor,Vintage Quality,jaro_winkler+semantic+sequence_match,jaro_winkler=0.5524; levenshtein=0.2857; semantic=0.4935; sequence_match=0.3333,False,0.4597,False,top-3 avg score 0.4597 < final_threshold 0.6
Region,Grape Variety,jaro_winkler+semantic+sequence_match,jaro_winkler=0.5833; levenshtein=0.2500; semantic=0.4573; sequence_match=0.3333,False,0.458,False,top-3 avg score 0.4580 < final_threshold 0.6
WhiteBordeaux,Merlot,semantic+jaro_winkler+levenshtein,jaro_winkler=0.5748; levenshtein=0.1538; semantic=0.6452; sequence_match=0.1053,False,0.4579,False,top-3 avg score 0.4579 < final_threshold 0.6
WineTaste,Grape Variety,semantic+jaro_winkler+sequence_match,jaro_winkler=0.4259; levenshtein=0.2500; semantic=0.6611; sequence_match=0.2857,False,0.4576,False,top-3 avg score 0.4576 < final_threshold 0.6
Region,Cabernet Sauvignon,semantic+jaro_winkler+sequence_match,jaro_winkler=0.4477; levenshtein=0.2941; semantic=0.4857; sequence_match=0.4348,False,0.4561,False,top-3 avg score 0.4561 < final_threshold 0.6
VintageYear,Cabernet Sauvignon,semantic+jaro_winkler+sequence_match,jaro_winkler=0.5399; levenshtein=0.1765; semantic=0.6066; sequence_match=0.2143,False,0.4536,False,top-3 avg score 0.4536 < final_threshold 0.6
WineColor,Cabernet Franc,semantic+jaro_winkler+sequence_match,jaro_winkler=0.5007; levenshtein=0.1538; semantic=0.5866; sequence_match=0.2727,False,0.4534,False,top-3 avg score 0.4534 < final_threshold 0.6
WineDescriptor,Vintage,jaro_winkler+semantic+sequence_match,jaro_winkler=0.5476; levenshtein=0.1429; semantic=0.5262; sequence_match=0.2857,False,0.4532,False,top-3 avg score 0.4532 < final_threshold 0.6
WineDescriptor,Merlot,jaro_winkler+semantic+sequence_match,jaro_winkler=0.5714; levenshtein=0.2143; semantic=0.4875; sequence_match=0.3000,False,0.453,False,top-3 avg score 0.4530 < final_threshold 0.6
WineBody,Merlot,semantic+jaro_winkler+sequence_match,jaro_winkler=0.5278; levenshtein=0.1250; semantic=0.5445; sequence_match=0.2857,False,0.4527,False,top-3 avg score 0.4527 < final_threshold 0.6
wine,Region,semantic+jaro_winkler+sequence_match,jaro_winkler=0.4444; levenshtein=0.1667; semantic=0.5110; sequence_match=0.4000,False,0.4518,False,top-3 avg score 0.4518 < final_threshold 0.6
WineTaste,Merlot,semantic+jaro_winkler+sequence_match,jaro_winkler=0.5185; levenshtein=0.2222; semantic=0.5685; sequence_match=0.2667,False,0.4512,False,top-3 avg score 0.4512 < final_threshold 0.6
wine,Grape Variety,semantic+jaro_winkler+sequence_match,jaro_winkler=0.4444; levenshtein=0.0833; semantic=0.6521; sequence_match=0.2500,False,0.4489,False,top-3 avg score 0.4489 < final_threshold 0.6
RedBordeaux,Bouquet,semantic+jaro_winkler+sequence_match,jaro_winkler=0.4560; levenshtein=0.1818; semantic=0.5411; sequence_match=0.3333,False,0.4435,False,top-3 avg score 0.4435 < final_threshold 0.6
WineFlavor,Bordeaux Grapes,semantic+jaro_winkler+sequence_match,jaro_winkler=0.5048; levenshtein=0.1429; semantic=0.6579; sequence_match=0.1667,False,0.4431,False,top-3 avg score 0.4431 < final_threshold 0.6
WineFlavor,Grape Variety,semantic+jaro_winkler+sequence_match,jaro_winkler=0.4944; levenshtein=0.0833; semantic=0.6502; sequence_match=0.1818,False,0.4422,False,top-3 avg score 0.4422 < final_threshold 0.6
WineSugar,Grape Variety,semantic+jaro_winkler+sequence_match,jaro_winkler=0.4167; levenshtein=0.0833; semantic=0.6221; sequence_match=0.2857,False,0.4415,False,top-3 avg score 0.4415 < final_threshold 0.6
wine,Cabernet Sauvignon,semantic+jaro_winkler+sequence_match,jaro_winkler=0.3725; levenshtein=0.1176; semantic=0.7612; sequence_match=0.1905,False,0.4414,False,top-3 avg score 0.4414 < final_threshold 0.6
Zinfandel,Wine Characteristic,semantic+jaro_winkler+sequence_match,jaro_winkler=0.4722; levenshtein=0.2222; semantic=0.5533; sequence_match=0.2963,False,0.4406,False,top-3 avg score 0.4406 < final_threshold 0.6
Zinfandel,Cabernet Sauvignon,semantic+jaro_winkler+sequence_match,jaro_winkler=0.3922; levenshtein=0.1176; semantic=0.6925; sequence_match=0.2308,False,0.4385,False,top-3 avg score 0.4385 < final_threshold 0.6
WineBody,Cabernet Sauvignon,semantic+jaro_winkler+sequence_match,jaro_winkler=0.4060; levenshtein=0.1176; semantic=0.6673; sequence_match=0.2400,False,0.4378,False,top-3 avg score 0.4378 < final_threshold 0.6
WineGrape,Region,jaro_winkler+semantic+sequence_match,jaro_winkler=0.5370; levenshtein=0.2222; semantic=0.5031; sequence_match=0.2667,False,0.4356,False,top-3 avg score 0.4356 < final_threshold 0.6
Region,Merlot,jaro_winkler+semantic+levenshtein,jaro_winkler=0.5556; levenshtein=0.3333; semantic=0.4171; sequence_match=0.3333,False,0.4353,False,top-3 avg score 0.4353 < final_threshold 0.6
WhiteWine,Grape Variety,semantic+jaro_winkler+sequence_match,jaro_winkler=0.5278; levenshtein=0.1667; semantic=0.5852; sequence_match=0.1905,False,0.4345,False,top-3 avg score 0.4345 < final_threshold 0.6
Bordeaux,Wine,semantic+jaro_winkler+sequence_match,jaro_winkler=0.4583; levenshtein=0.1250; semantic=0.6724; sequence_match=0.1667,False,0.4325,False,top-3 avg score 0.4325 < final_threshold 0.6
VintageYear,Bordeaux Grapes,jaro_winkler+semantic+sequence_match,jaro_winkler=0.5469; levenshtein=0.1429; semantic=0.5054; sequence_match=0.2400,False,0.4308,False,top-3 avg score 0.4308 < final_threshold 0.6
WhiteBordeaux,Grape Variety,semantic+jaro_winkler+levenshtein,jaro_winkler=0.4637; levenshtein=0.2308; semantic=0.5970; sequence_match=0.1600,False,0.4305,False,top-3 avg score 0.4305 < final_threshold 0.6
Vintage,Cabernet Franc,semantic+jaro_winkler+sequence_match,jaro_winkler=0.4597; levenshtein=0.2308; semantic=0.5311; sequence_match=0.3000,False,0.4303,False,top-3 avg score 0.4303 < final_threshold 0.6
WhiteBordeaux,Bouquet,semantic+jaro_winkler+sequence_match,jaro_winkler=0.4597; levenshtein=0.1538; semantic=0.5307; sequence_match=0.3000,False,0.4301,False,top-3 avg score 0.4301 < final_threshold 0.6
Bordeaux,Merlot,semantic+jaro_winkler+sequence_match,jaro_winkler=0.5139; levenshtein=0.1250; semantic=0.6320; sequence_match=0.1429,False,0.4296,False,top-3 avg score 0.4296 < final_threshold 0.6
Bordeaux,Grape Variety,semantic+jaro_winkler+sequence_match,jaro_winkler=0.4306; levenshtein=0.1667; semantic=0.5572; sequence_match=0.3000,False,0.4293,False,top-3 avg score 0.4293 < final_threshold 0.6
WineSugar,Cabernet Franc,semantic+jaro_winkler+sequence_match,jaro_winkler=0.4174; levenshtein=0.2308; semantic=0.5975; sequence_match=0.2727,False,0.4292,False,top-3 avg score 0.4292 < final_threshold 0.6
wine,Merlot,semantic+jaro_winkler+sequence_match,jaro_winkler=0.4722; levenshtein=0.0000; semantic=0.6151; sequence_match=0.2000,False,0.4291,False,top-3 avg score 0.4291 < final_threshold 0.6
Vintage,White Wine Color,jaro_winkler+semantic+sequence_match,jaro_winkler=0.5357; levenshtein=0.1429; semantic=0.4653; sequence_match=0.2857,False,0.4289,False,top-3 avg score 0.4289 < final_threshold 0.6
WineBody,Region,jaro_winkler+semantic+sequence_match,jaro_winkler=0.5556; levenshtein=0.1250; semantic=0.4451; sequence_match=0.2857,False,0.4288,False,top-3 avg score 0.4288 < final_threshold 0.6
WineTaste,Bouquet,semantic+jaro_winkler+sequence_match,jaro_winkler=0.5026; levenshtein=0.1111; semantic=0.5285; sequence_match=0.2500,False,0.4271,False,top-3 avg score 0.4271 < final_threshold 0.6
WineBody,Bordeaux Grapes,semantic+jaro_winkler+sequence_match,jaro_winkler=0.4286; levenshtein=0.0714; semantic=0.5798; sequence_match=0.2727,False,0.427,False,top-3 avg score 0.4270 < final_threshold 0.6
WineColor,Grape Variety,semantic+jaro_winkler+sequence_match,jaro_winkler=0.4630; levenshtein=0.0833; semantic=0.6258; sequence_match=0.1905,False,0.4264,False,top-3 avg score 0.4264 < final_threshold 0.6
WineDescriptor,Cabernet Franc,jaro_winkler+semantic+sequence_match,jaro_winkler=0.5366; levenshtein=0.1429; semantic=0.5141; sequence_match=0.2222,False,0.4243,False,top-3 avg score 0.4243 < final_threshold 0.6
WhiteWine,Cabernet Franc,semantic+jaro_winkler+sequence_match,jaro_winkler=0.4174; levenshtein=0.1538; semantic=0.5822; sequence_match=0.2727,False,0.4241,False,top-3 avg score 0.4241 < final_threshold 0.6
wine,Cabernet Franc,semantic+jaro_winkler+sequence_match,jaro_winkler=0.3846; levenshtein=0.1538; semantic=0.6496; sequence_match=0.2353,False,0.4232,False,top-3 avg score 0.4232 < final_threshold 0.6
Vintage,Cabernet Sauvignon,semantic+jaro_winkler+sequence_match,jaro_winkler=0.4356; levenshtein=0.2353; semantic=0.5828; sequence_match=0.2500,False,0.4228,False,top-3 avg score 0.4228 < final_threshold 0.6
RedBordeaux,Wine,semantic+jaro_winkler+sequence_match,jaro_winkler=0.4470; levenshtein=0.0909; semantic=0.6877; sequence_match=0.1333,False,0.4227,False,top-3 avg score 0.4227 < final_threshold 0.6
RedBordeaux,Wine Characteristic,semantic+jaro_winkler+sequence_match,jaro_winkler=0.5108; levenshtein=0.1667; semantic=0.5500; sequence_match=0.2069,False,0.4226,False,top-3 avg score 0.4226 < final_threshold 0.6
RedWine,Vintage Quality,semantic+jaro_winkler+sequence_match,jaro_winkler=0.4365; levenshtein=0.1429; semantic=0.5429; sequence_match=0.2857,False,0.4217,False,top-3 avg score 0.4217 < final_threshold 0.6
Vintage,Red Wine Color,semantic+jaro_winkler+sequence_match,jaro_winkler=0.4484; levenshtein=0.1667; semantic=0.4944; sequence_match=0.3158,False,0.4195,False,top-3 avg score 0.4195 < final_threshold 0.6
VintageYear,Bordeaux Wine,semantic+jaro_winkler+sequence_match,jaro_winkler=0.3965; levenshtein=0.0833; semantic=0.6013; sequence_match=0.2609,False,0.4195,False,top-3 avg score 0.4195 < final_threshold 0.6
WineSugar,Merlot,semantic+jaro_winkler+sequence_match,jaro_winkler=0.4259; levenshtein=0.1111; semantic=0.5513; sequence_match=0.2667,False,0.4146,False,top-3 avg score 0.4146 < final_threshold 0.6
WineColor,Region,jaro_winkler+semantic+sequence_match,jaro_winkler=0.5370; levenshtein=0.2222; semantic=0.4353; sequence_match=0.2667,False,0.413,False,top-3 avg score 0.4130 < final_threshold 0.6
Zinfandel,Bordeaux Grapes,semantic+jaro_winkler+sequence_match,jaro_winkler=0.4048; levenshtein=0.1429; semantic=0.6563; sequence_match=0.1739,False,0.4117,False,top-3 avg score 0.4117 < final_threshold 0.6
Vintage,Region,semantic+jaro_winkler+sequence_match,jaro_winkler=0.4365; levenshtein=0.0000; semantic=0.4861; sequence_match=0.3077,False,0.4101,False,top-3 avg score 0.4101 < final_threshold 0.6
Zinfandel,Grape Variety,semantic+jaro_winkler+sequence_match,jaro_winkler=0.4630; levenshtein=0.1667; semantic=0.5753; sequence_match=0.1905,False,0.4096,False,top-3 avg score 0.4096 < final_threshold 0.6
WineFlavor,Region,jaro_winkler+semantic+sequence_match,jaro_winkler=0.5222; levenshtein=0.2000; semantic=0.4466; sequence_match=0.2500,False,0.4063,False,top-3 avg score 0.4063 < final_threshold 0.6
WhiteWine,Bordeaux Grapes,semantic+jaro_winkler+sequence_match,jaro_winkler=0.4550; levenshtein=0.1429; semantic=0.5874; sequence_match=0.1739,False,0.4055,False,top-3 avg score 0.4055 < final_threshold 0.6
WineBody,Bouquet,semantic+jaro_winkler+sequence_match,jaro_winkler=0.4226; levenshtein=0.0000; semantic=0.5266; sequence_match=0.2667,False,0.4053,False,top-3 avg score 0.4053 < final_threshold 0.6
wine,Bordeaux Grapes,semantic+jaro_winkler+sequence_match,jaro_winkler=0.4405; levenshtein=0.0714; semantic=0.6618; sequence_match=0.1111,False,0.4045,False,top-3 avg score 0.4045 < final_threshold 0.6
wine,Bouquet,semantic+jaro_winkler+sequence_match,jaro_winkler=0.4643; levenshtein=0.1429; semantic=0.5649; sequence_match=0.1818,False,0.4037,False,top-3 avg score 0.4037 < final_threshold 0.6
Vintage,Bordeaux Grapes,semantic+jaro_winkler+sequence_match,jaro_winkler=0.4365; levenshtein=0.2143; semantic=0.4878; sequence_match=0.2857,False,0.4033,False,top-3 avg score 0.4033 < final_threshold 0.6
Region,Cabernet Franc,jaro_winkler+semantic+sequence_match,jaro_winkler=0.4658; levenshtein=0.2308; semantic=0.4273; sequence_match=0.3158,False,0.403,False,top-3 avg score 0.4030 < final_threshold 0.6
WineTaste,Region,jaro_winkler+semantic+sequence_match,jaro_winkler=0.5000; levenshtein=0.1111; semantic=0.4393; sequence_match=0.2667,False,0.402,False,top-3 avg score 0.4020 < final_threshold 0.6
Zinfandel,Region,jaro_winkler+semantic+sequence_match,jaro_winkler=0.5185; levenshtein=0.1111; semantic=0.4171; sequence_match=0.2667,False,0.4008,False,top-3 avg score 0.4008 < final_threshold 0.6
WineSugar,Region,jaro_winkler+semantic+sequence_match,jaro_winkler=0.5000; levenshtein=0.1111; semantic=0.4285; sequence_match=0.2667,False,0.3984,False,top-3 avg score 0.3984 < final_threshold 0.6
RedWine,Body,semantic+jaro_winkler+sequence_match,jaro_winkler=0.4643; levenshtein=0.1429; semantic=0.5488; sequence_match=0.1818,False,0.3983,False,top-3 avg score 0.3983 < final_threshold 0.6
VintageYear,Region,jaro_winkler+semantic+sequence_match,jaro_winkler=0.4798; levenshtein=0.0909; semantic=0.4757; sequence_match=0.2353,False,0.3969,False,top-3 avg score 0.3969 < final_threshold 0.6
Vintage,Bordeaux Wine,semantic+jaro_winkler+sequence_match,jaro_winkler=0.3175; levenshtein=0.1667; semantic=0.5571; sequence_match=0.3158,False,0.3968,False,top-3 avg score 0.3968 < final_threshold 0.6
Vintage,Merlot,semantic+jaro_winkler+sequence_match,jaro_winkler=0.4365; levenshtein=0.0000; semantic=0.5988; sequence_match=0.1538,False,0.3964,False,top-3 avg score 0.3964 < final_threshold 0.6
WineColor,Bordeaux Grapes,semantic+jaro_winkler+sequence_match,jaro_winkler=0.4048; levenshtein=0.1429; semantic=0.6096; sequence_match=0.1739,False,0.3961,False,top-3 avg score 0.3961 < final_threshold 0.6
WineBody,Cabernet Franc,semantic+jaro_winkler+sequence_match,jaro_winkler=0.4241; levenshtein=0.1538; semantic=0.5727; sequence_match=0.1905,False,0.3958,False,top-3 avg score 0.3958 < final_threshold 0.6
RedBordeaux,White Wine Color,semantic+jaro_winkler+sequence_match,jaro_winkler=0.3846; levenshtein=0.0714; semantic=0.5626; sequence_match=0.2400,False,0.3957,False,top-3 avg score 0.3957 < final_threshold 0.6
WhiteBordeaux,Vintage Quality,semantic+jaro_winkler+sequence_match,jaro_winkler=0.5139; levenshtein=0.0714; semantic=0.5153; sequence_match=0.1481,False,0.3925,False,top-3 avg score 0.3925 < final_threshold 0.6
Region,Bordeaux Grapes,jaro_winkler+semantic+sequence_match,jaro_winkler=0.4841; levenshtein=0.2143; semantic=0.3919; sequence_match=0.3000,False,0.392,False,top-3 avg score 0.3920 < final_threshold 0.6
Bordeaux,Red Wine Color,semantic+jaro_winkler+sequence_match,jaro_winkler=0.4306; levenshtein=0.0833; semantic=0.5452; sequence_match=0.2000,False,0.3919,False,top-3 avg score 0.3919 < final_threshold 0.6
WineDescriptor,Bordeaux Grapes,semantic+jaro_winkler+sequence_match,jaro_winkler=0.4381; levenshtein=0.1429; semantic=0.5189; sequence_match=0.2143,False,0.3904,False,top-3 avg score 0.3904 < final_threshold 0.6
Bordeaux,Region,jaro_winkler+semantic+sequence_match,jaro_winkler=0.5139; levenshtein=0.1250; semantic=0.5123; sequence_match=0.1429,False,0.3897,False,top-3 avg score 0.3897 < final_threshold 0.6
Vintage,Bouquet,semantic+jaro_winkler+sequence_match,jaro_winkler=0.4286; levenshtein=0.0000; semantic=0.5952; sequence_match=0.1429,False,0.3889,False,top-3 avg score 0.3889 < final_threshold 0.6
RedWine,Merlot,semantic+jaro_winkler+sequence_match,jaro_winkler=0.3730; levenshtein=0.1429; semantic=0.6372; sequence_match=0.1538,False,0.388,False,top-3 avg score 0.3880 < final_threshold 0.6
WhiteWine,Vintage Quality,jaro_winkler+semantic+levenshtein,jaro_winkler=0.5042; levenshtein=0.2143; semantic=0.4422; sequence_match=0.1739,False,0.3869,False,top-3 avg score 0.3869 < final_threshold 0.6
WhiteWine,Region,jaro_winkler+semantic+sequence_match,jaro_winkler=0.5000; levenshtein=0.2222; semantic=0.3927; sequence_match=0.2667,False,0.3865,False,top-3 avg score 0.3865 < final_threshold 0.6
Region,Wine Characteristic,jaro_winkler+semantic+sequence_match,jaro_winkler=0.4630; levenshtein=0.1667; semantic=0.4456; sequence_match=0.2500,False,0.3862,False,top-3 avg score 0.3862 < final_threshold 0.6
Region,Wine,semantic+jaro_winkler+sequence_match,jaro_winkler=0.4444; levenshtein=0.1667; semantic=0.5110; sequence_match=0.2000,False,0.3852,False,top-3 avg score 0.3852 < final_threshold 0.6
Region,Vintage Quality,jaro_winkler+semantic+sequence_match,jaro_winkler=0.4841; levenshtein=0.1429; semantic=0.4593; sequence_match=0.2000,False,0.3811,False,top-3 avg score 0.3811 < final_threshold 0.6
Bordeaux,Vintage Quality,semantic+jaro_winkler+sequence_match,jaro_winkler=0.4187; levenshtein=0.1429; semantic=0.5427; sequence_match=0.1818,False,0.3811,False,top-3 avg score 0.3811 < final_threshold 0.6
VintageYear,Merlot,semantic+jaro_winkler+sequence_match,jaro_winkler=0.4192; levenshtein=0.0909; semantic=0.5966; sequence_match=0.1176,False,0.3778,False,top-3 avg score 0.3778 < final_threshold 0.6
WineGrape,Bouquet,semantic+jaro_winkler+sequence_match,jaro_winkler=0.4180; levenshtein=0.0000; semantic=0.5828; sequence_match=0.1250,False,0.3753,False,top-3 avg score 0.3753 < final_threshold 0.6
VintageYear,Body,semantic+jaro_winkler+sequence_match,jaro_winkler=0.4470; levenshtein=0.0909; semantic=0.5446; sequence_match=0.1333,False,0.375,False,top-3 avg score 0.3750 < final_threshold 0.6
RedWine,Bouquet,semantic+jaro_winkler+sequence_match,jaro_winkler=0.4286; levenshtein=0.0000; semantic=0.5469; sequence_match=0.1429,False,0.3728,False,top-3 avg score 0.3728 < final_threshold 0.6
WineDescriptor,Region,jaro_winkler+semantic+levenshtein,jaro_winkler=0.4603; levenshtein=0.2143; semantic=0.4355; sequence_match=0.2000,False,0.37,False,top-3 avg score 0.3700 < final_threshold 0.6
WhiteBordeaux,Region,jaro_winkler+semantic+sequence_match,jaro_winkler=0.4658; levenshtein=0.0769; semantic=0.4313; sequence_match=0.2105,False,0.3692,False,top-3 avg score 0.3692 < final_threshold 0.6
WineDescriptor,Bouquet,jaro_winkler+semantic+sequence_match,jaro_winkler=0.4762; levenshtein=0.1429; semantic=0.4379; sequence_match=0.1905,False,0.3682,False,top-3 avg score 0.3682 < final_threshold 0.6
RedBordeaux,Vintage Quality,semantic+jaro_winkler+sequence_match,jaro_winkler=0.3846; levenshtein=0.0714; semantic=0.5488; sequence_match=0.1600,False,0.3645,False,top-3 avg score 0.3645 < final_threshold 0.6
Bordeaux,Wine Characteristic,semantic+jaro_winkler+sequence_match,jaro_winkler=0.4028; levenshtein=0.1111; semantic=0.5332; sequence_match=0.1538,False,0.3633,False,top-3 avg score 0.3633 < final_threshold 0.6
Bordeaux,Vintage,semantic+jaro_winkler+sequence_match,jaro_winkler=0.3452; levenshtein=0.1250; semantic=0.6072; sequence_match=0.1333,False,0.3619,False,top-3 avg score 0.3619 < final_threshold 0.6
Region,Vintage,semantic+jaro_winkler+sequence_match,jaro_winkler=0.4365; levenshtein=0.0000; semantic=0.4861; sequence_match=0.1538,False,0.3588,False,top-3 avg score 0.3588 < final_threshold 0.6
WineFlavor,Bouquet,semantic+jaro_winkler+sequence_match,jaro_winkler=0.4143; levenshtein=0.0000; semantic=0.5439; sequence_match=0.1176,False,0.3586,False,top-3 avg score 0.3586 < final_threshold 0.6
Bordeaux,White Wine Color,semantic+jaro_winkler+sequence_match,jaro_winkler=0.3988; levenshtein=0.0714; semantic=0.4864; sequence_match=0.1818,False,0.3557,False,top-3 avg score 0.3557 < final_threshold 0.6
Region,White Wine Color,jaro_winkler+semantic+levenshtein,jaro_winkler=0.4841; levenshtein=0.2143; semantic=0.3553; sequence_match=0.1000,False,0.3512,False,top-3 avg score 0.3512 < final_threshold 0.6
RedBordeaux,Vintage,semantic+jaro_winkler+sequence_match,jaro_winkler=0.3225; levenshtein=0.0909; semantic=0.6166; sequence_match=0.1111,False,0.3501,False,top-3 avg score 0.3501 < final_threshold 0.6
Zinfandel,Bouquet,semantic+jaro_winkler+sequence_match,jaro_winkler=0.4180; levenshtein=0.1111; semantic=0.4953; sequence_match=0.1250,False,0.3461,False,top-3 avg score 0.3461 < final_threshold 0.6
WineColor,Bouquet,semantic+jaro_winkler+sequence_match,jaro_winkler=0.4180; levenshtein=0.0000; semantic=0.4948; sequence_match=0.1250,False,0.3459,False,top-3 avg score 0.3459 < final_threshold 0.6
WhiteWine,Merlot,semantic+jaro_winkler+sequence_match,jaro_winkler=0.3519; levenshtein=0.1111; semantic=0.5400; sequence_match=0.1333,False,0.3417,False,top-3 avg score 0.3417 < final_threshold 0.6
WineDescriptor,Body,semantic+jaro_winkler+sequence_match,jaro_winkler=0.4405; levenshtein=0.0714; semantic=0.4591; sequence_match=0.1111,False,0.3369,False,top-3 avg score 0.3369 < final_threshold 0.6
VintageYear,Bouquet,semantic+jaro_winkler+sequence_match,jaro_winkler=0.3225; levenshtein=0.0909; semantic=0.5515; sequence_match=0.1111,False,0.3284,False,top-3 avg score 0.3284 < final_threshold 0.6
WineSugar,Bouquet,semantic+jaro_winkler+sequence_match,jaro_winkler=0.3360; levenshtein=0.1111; semantic=0.5214; sequence_match=0.1250,False,0.3275,False,top-3 avg score 0.3275 < final_threshold 0.6
WhiteWine,Bouquet,semantic+jaro_winkler+sequence_match,jaro_winkler=0.3360; levenshtein=0.0000; semantic=0.5037; sequence_match=0.1250,False,0.3215,False,top-3 avg score 0.3215 < final_threshold 0.6
Zinfandel,Merlot,semantic+sequence_match+levenshtein,jaro_winkler=0.0000; levenshtein=0.0000; semantic=0.6197; sequence_match=0.2667,False,0.2954,False,top-3 avg score 0.2954 < final_threshold 0.6
WineColor,Body,semantic+sequence_match+levenshtein,jaro_winkler=0.0000; levenshtein=0.1111; semantic=0.4833; sequence_match=0.1538,False,0.2494,False,top-3 avg score 0.2494 < final_threshold 0.6
Zinfandel,Body,semantic+sequence_match+levenshtein,jaro_winkler=0.0000; levenshtein=0.1111; semantic=0.4760; sequence_match=0.1538,False,0.247,False,top-3 avg score 0.2470 < final_threshold 0.6
Region,Body,semantic+sequence_match+levenshtein,jaro_winkler=0.0000; levenshtein=0.0000; semantic=0.5090; sequence_match=0.2000,False,0.2363,False,top-3 avg score 0.2363 < final_threshold 0.6
WineFlavor,Body,semantic+sequence_match+levenshtein,jaro_winkler=0.0000; levenshtein=0.0000; semantic=0.4836; sequence_match=0.1429,False,0.2088,False,top-3 avg score 0.2088 < final_threshold 0.6
Region,Bouquet,semantic+sequence_match+levenshtein,jaro_winkler=0.0000; levenshtein=0.0000; semantic=0.4715; sequence_match=0.1538,False,0.2084,False,top-3 avg score 0.2084 < final_threshold 0.6
Vintage,Body,semantic+sequence_match+levenshtein,jaro_winkler=0.0000; levenshtein=0.0000; semantic=0.5810; sequence_match=0.0000,False,0.1937,False,top-3 avg score 0.1937 < final_threshold 0.6
wine,Body,semantic+sequence_match+levenshtein,jaro_winkler=0.0000; levenshtein=0.0000; semantic=0.5590; sequence_match=0.0000,False,0.1863,False,top-3 avg score 0.1863 < final_threshold 0.6
WineGrape,Body,semantic+sequence_match+levenshtein,jaro_winkler=0.0000; levenshtein=0.0000; semantic=0.5373; sequence_match=0.0000,False,0.1791,False,top-3 avg score 0.1791 < final_threshold 0.6
WineTaste,Body,semantic+sequence_match+levenshtein,jaro_winkler=0.0000; levenshtein=0.0000; semantic=0.5151; sequence_match=0.0000,False,0.1717,False,top-3 avg score 0.1717 < final_threshold 0.6
WineSugar,Body,semantic+sequence_match+levenshtein,jaro_winkler=0.0000; levenshtein=0.0000; semantic=0.4837; sequence_match=0.0000,False,0.1612,False,top-3 avg score 0.1612 < final_threshold 0.6
WhiteWine,Body,semantic+sequence_match+levenshtein,jaro_winkler=0.0000; levenshtein=0.0000; semantic=0.4322; sequence_match=0.0000,False,0.1441,False,top-3 avg score 0.1441 < final_threshold 0.6
